category	reading	romaji	meaning_vi	audio_key	written	meaning_en
YOUON	じゃ	ja	sau đó	practice_youon_001	じゃ	then
YOUON	じゃない	janai	không phải	practice_youon_002	じゃない	is not
YOUON	じゅう	juu	(tất cả) xuyên qua (ví dụ: đêm)	practice_youon_003	中	(all) through (e.g. the night)
YOUON	ちゅう	chuu	trung bình (kích thước)	practice_youon_004	中	medium (size)
YOUON	じゃないか	janaika	phải không?	practice_youon_005	じゃ無いか	isn't it?
YOUON	にっちゅう	nitchuu	ban ngày	practice_youon_006	日中	daytime
YOUON	でしょ	desho	có vẻ như	practice_youon_007	でしょ	it seems
YOUON	それじゃ	soreja	à,...	practice_youon_008	それじゃ	well, ...
YOUON	でしょうか	deshouka	bạn có nghĩ vậy không?	practice_youon_009	でしょうか	don't you think?
YOUON	にほんじゅう	nihonjuu	trên khắp Nhật Bản	practice_youon_010	日本中	throughout Japan
YOUON	じゃどう	jadou	cách (làm) không đúng	practice_youon_011	邪道	improper way (of doing)
YOUON	じょう	jou	từ quan điểm của	practice_youon_012	上	from the standpoint of
YOUON	ちょっと	chotto	một chút	practice_youon_013	ちょっと	a little
YOUON	いちにちじゅう	ichinichijuu	suốt cả ngày	practice_youon_014	一日中	all day long
YOUON	じょうほう	jouhou	thông tin	practice_youon_015	情報	information
YOUON	りょく	ryoku	sức mạnh	practice_youon_016	力	strength
YOUON	きょう	kyou	hôm nay	practice_youon_017	今日	today
YOUON	ちゃん	chan	hậu tố cho người quen	practice_youon_018	ちゃん	suffix for familiar person
YOUON	いじょう	ijou	không ít hơn...	practice_youon_019	以上	not less than ...
YOUON	しごとちゅう	shigotochuu	tại nơi làm việc	practice_youon_020	仕事中	at work
YOUON	しゅったい	shuttai	sự xuất hiện	practice_youon_021	出来	occurrence
YOUON	さんしゃ	sansha	ba người	practice_youon_022	三者	three persons
YOUON	じょせい	josei	người phụ nữ	practice_youon_023	女性	woman
YOUON	とうきょう	toukyou	Tokyo	practice_youon_024	東京	Tokyo
YOUON	かんけいしゃ	kankeisha	người liên quan	practice_youon_025	関係者	person concerned
YOUON	いっしょ	issho	(làm) cùng nhau	practice_youon_026	一緒	(doing) together
YOUON	いっしょに	isshoni	cùng (với)	practice_youon_027	一緒に	together (with)
YOUON	しゃしん	shashin	bức ảnh	practice_youon_028	写真	photograph
YOUON	ましょうか	mashouka	phải không?	practice_youon_029	ましょうか	shall I?
YOUON	かいしゃ	kaisha	công ty	practice_youon_030	会社	company
YOUON	じょせいてき	joseiteki	nữ tính	practice_youon_031	女性的	feminine
YOUON	わけじゃない	wakejanai	điều đó không có nghĩa là...	practice_youon_032	訳じゃない	it does not mean that ...
YOUON	ちょう	chou	siêu-	practice_youon_033	超	super-
YOUON	むりょう	muryou	miễn phí (có tính phí)	practice_youon_034	無料	free (of charge)
YOUON	ばしょ	basho	địa điểm	practice_youon_035	場所	place
YOUON	しようしゃ	shiyousha	người dùng	practice_youon_036	使用者	user
YOUON	じゅうくにち	juukunichi	Ngày 19 của tháng	practice_youon_037	１９日	19th day of the month
YOUON	じゅうごにち	juugonichi	Ngày 15 của tháng	practice_youon_038	１５日	15th day of the month
YOUON	じゅうににち	juuninichi	Ngày 12 của tháng	practice_youon_039	１２日	12th day of the month
YOUON	じゅうよっか	juuyokka	Ngày 14 của tháng	practice_youon_040	１４日	14th day of the month
YOUON	だいじょうぶ	daijoubu	an toàn	practice_youon_041	大丈夫	safe
YOUON	じゅういちにち	juuichinichi	Ngày 11 của tháng	practice_youon_042	１１日	11th day of the month
YOUON	じゅうさんにち	juusannichi	Ngày 13 của tháng	practice_youon_043	１３日	13th day of the month
YOUON	じゅうしちにち	juushichinichi	Ngày 17 của tháng	practice_youon_044	１７日	17th day of the month
YOUON	じゅうはちにち	juuhachinichi	Ngày 18 của tháng	practice_youon_045	１８日	18th day of the month
YOUON	じゅうろくにち	juurokunichi	Ngày 16 của tháng	practice_youon_046	１６日	16th day of the month
YOUON	さんかしゃ	sankasha	người tham gia	practice_youon_047	参加者	participant
YOUON	じゃま	jama	sự cản trở	practice_youon_048	邪魔	hindrance
YOUON	しゃかい	shakai	xã hội	practice_youon_049	社会	society
YOUON	じゅうがつ	juugatsu	tháng mười	practice_youon_050	１０月	October
YOUON	じゅうにがつ	juunigatsu	tháng mười hai	practice_youon_051	１２月	December
YOUON	じゅういちがつ	juuichigatsu	tháng mười một	practice_youon_052	１１月	November
YOUON	さいしょ	saisho	sự khởi đầu	practice_youon_053	最初	beginning
YOUON	かのじょ	kanojo	cô ấy	practice_youon_054	彼女	she
YOUON	なんじゅう	nanjuu	(vài) hàng chục	practice_youon_055	何十	(several) tens
YOUON	きょく	kyoku	thành phần	practice_youon_056	曲	composition
YOUON	ちゃう	chau	làm hoàn toàn	practice_youon_057	ちゃう	to do completely
YOUON	きぎょう	kigyou	doanh nghiệp	practice_youon_058	企業	enterprise
YOUON	じゅういち	juuichi	mười một	practice_youon_059	十一	eleven
YOUON	しゃかいじん	shakaijin	người lớn đang đi làm	practice_youon_060	社会人	working adult
YOUON	ちゃ	cha	trà	practice_youon_061	茶	tea
YOUON	ちゃうか	chauka	phải không?	practice_youon_062	ちゃうか	isn't it?
YOUON	じょし	joshi	người phụ nữ	practice_youon_063	女子	woman
YOUON	じょうたい	joutai	tiểu bang	practice_youon_064	状態	state
YOUON	しゃかいてき	shakaiteki	xã hội	practice_youon_065	社会的	social
YOUON	ちゃや	chaya	quán trà	practice_youon_066	茶屋	teahouse
YOUON	しゃしんか	shashinka	nhiếp ảnh gia	practice_youon_067	写真家	photographer
YOUON	ちゅうごく	chuugoku	Trung Quốc	practice_youon_068	中国	China
YOUON	おちゃ	ocha	trà (đặc biệt là trà xanh hoặc lúa mạch)	practice_youon_069	お茶	tea (esp. green or barley)
YOUON	にいちゃん	niichan	(của một người) anh trai	practice_youon_070	兄ちゃん	(one's) older brother
YOUON	にほんしゃかい	nihonshakai	xã hội Nhật Bản	practice_youon_071	日本社会	Japanese society
YOUON	じゅうぶん	juubun	đủ rồi	practice_youon_072	十分	enough
YOUON	りようしゃ	riyousha	người dùng	practice_youon_073	利用者	user
YOUON	じゅうに	juuni	mười hai	practice_youon_074	十二	twelve
YOUON	いっきょく	ikkyoku	giai điệu (giai điệu, đoạn nhạc)	practice_youon_075	一曲	tune (melody, piece of music)
YOUON	さんじょ	sanjo	con gái thứ ba	practice_youon_076	三女	third daughter
YOUON	じゅうまん	juuman	100.000	practice_youon_077	１０万	100,000
YOUON	すうじゅう	suujuu	hàng chục	practice_youon_078	数十	dozens
YOUON	にほんきぎょう	nihonkigyou	Công ty Nhật Bản (doanh nghiệp, công ty)	practice_youon_079	日本企業	Japanese company (business, firm)
YOUON	とうじょう	toujou	lối vào (trên sân khấu)	practice_youon_080	登場	entrance (on the stage)
YOUON	じょうきょう	joukyou	tình trạng	practice_youon_081	状況	state of affairs
YOUON	ぎじゅつ	gijutsu	công nghệ	practice_youon_082	技術	technology
YOUON	けんきゅう	kenkyuu	nghiên cứu	practice_youon_083	研究	research
YOUON	はっぴょう	happyou	thông báo	practice_youon_084	発表	announcement
YOUON	しゃかいせい	shakaisei	tính xã hội	practice_youon_085	社会性	sociality
YOUON	きぎょうか	kigyouka	nhà công nghiệp	practice_youon_086	企業家	industrialist
YOUON	じゅうさん	juusan	mười ba	practice_youon_087	十三	thirteen
YOUON	ちゃんと	chanto	siêng năng	practice_youon_088	ちゃんと	diligently
YOUON	にじゅう	nijuu	hai mươi	practice_youon_089	２０	twenty
YOUON	しょうかい	shoukai	giới thiệu	practice_youon_090	紹介	introduction
YOUON	だいきぎょう	daikigyou	công ty lớn	practice_youon_091	大企業	large company
YOUON	こうかいちゅう	koukaichuu	hiện có sẵn (ví dụ: để bán)	practice_youon_092	公開中	now available (e.g. for sale)
YOUON	ちょうさ	chousa	điều tra	practice_youon_093	調査	investigation
YOUON	じゅうよう	juuyou	quan trọng	practice_youon_094	重要	important
YOUON	ぎじゅつてき	gijutsuteki	kỹ thuật	practice_youon_095	技術的	technical
YOUON	じょうほうぶ	jouhoubu	phòng thông tin	practice_youon_096	情報部	information bureau
YOUON	しゃかいもんだい	shakaimondai	vấn đề xã hội	practice_youon_097	社会問題	social problem
YOUON	じゃく	jaku	ít hơn một chút	practice_youon_098	弱	a little less than
YOUON	ぎじゅつしゃ	gijutsusha	kỹ sư	practice_youon_099	技術者	engineer
YOUON	けんきゅうしゃ	kenkyuusha	nhà nghiên cứu	practice_youon_100	研究者	researcher
CHOUON	してい	shitei	bọn trẻ	practice_chouon_001	子弟	children
CHOUON	ないてい	naitei	điều tra bí mật	practice_chouon_002	内偵	secret investigation
CHOUON	にいん	niin	hai viện lập pháp	practice_chouon_003	二院	the two houses of legislature
CHOUON	いい	ii	tốt	practice_chouon_004	いい	good
CHOUON	だとう	datou	hợp lệ	practice_chouon_005	妥当	valid
CHOUON	そう	sou	xuất hiện điều đó	practice_chouon_006	そう	appearing that
CHOUON	ことう	kotou	hòn đảo cô đơn	practice_chouon_007	孤島	solitary island
CHOUON	たいい	taii	thuyền trưởng (Quân đội, Thủy quân lục chiến Hoa Kỳ, USAF)	practice_chouon_008	大尉	captain (Army, US Marine Corps, USAF)
CHOUON	にそう	nisou	ni cô phật giáo	practice_chouon_009	尼僧	Buddhist nun
CHOUON	でいたん	deitan	than bùn	practice_chouon_010	泥炭	peat
CHOUON	よう	you	say rượu	practice_chouon_011	酔う	to get drunk
CHOUON	ことがある	kotogaaru	(cho cái gì đó) đã xảy ra	practice_chouon_012	事がある	(for something) to have occurred
CHOUON	しそう	shisou	suy nghĩ	practice_chouon_013	思想	thought
CHOUON	そうし	soushi	sự sáng tạo	practice_chouon_014	創始	creation
CHOUON	とそう	tosou	lớp phủ	practice_chouon_015	塗装	coating
CHOUON	たよう	tayou	đa dạng	practice_chouon_016	多様	diverse
CHOUON	ようが	youga	hội họa phương Tây	practice_chouon_017	洋画	Western painting
CHOUON	ように	youni	thích	practice_chouon_018	様に	like
CHOUON	だんてい	dantei	kết luận	practice_chouon_019	断定	conclusion
CHOUON	ないそう	naisou	thiết kế nội thất	practice_chouon_020	内装	interior design
CHOUON	いいん	iin	thành viên ủy ban	practice_chouon_021	委員	committee member
CHOUON	そうだ	souda	đúng là như vậy	practice_chouon_022	そうだ	that is so
CHOUON	ようと	youto	sử dụng	practice_chouon_023	用途	use
CHOUON	そうした	soushita	như vậy	practice_chouon_024	そうした	such
CHOUON	そうか	souka	có phải vậy không?	practice_chouon_025	そうか	is that so?
CHOUON	もよう	moyou	hoa văn	practice_chouon_026	模様	pattern
CHOUON	ないよう	naiyou	nội dung	practice_chouon_027	内容	contents
CHOUON	たいいん	taiin	rời bệnh viện	practice_chouon_028	退院	leaving hospital
CHOUON	ていいん	teiin	số lượng cố định (người)	practice_chouon_029	定員	fixed number (of people)
CHOUON	ようか	youka	Ngày 8 trong tháng	practice_chouon_030	８日	8th day of the month
CHOUON	そうです	soudesu	đúng là như vậy	practice_chouon_031	そうです	that is so
CHOUON	たようか	tayouka	đa dạng hóa	practice_chouon_032	多様化	diversification
CHOUON	ようにん	younin	phê duyệt	practice_chouon_033	容認	approval
CHOUON	そうですが	soudesuga	tuy nhiên là vậy...	practice_chouon_034	そうですが	that's so, however ...
CHOUON	いいね	iine	điều đó thật tốt	practice_chouon_035	いいね	that's good
CHOUON	そうさ	sousa	tìm kiếm (đặc biệt trong điều tra tội phạm)	practice_chouon_036	捜査	search (esp. in criminal investigations)
CHOUON	そうだん	soudan	tư vấn	practice_chouon_037	相談	consultation
CHOUON	だんそう	dansou	lỗi	practice_chouon_038	断層	fault
CHOUON	じゅう	juu	(tất cả) xuyên qua (ví dụ: đêm)	practice_chouon_039	中	(all) through (e.g. the night)
CHOUON	ちゅう	chuu	trung bình (kích thước)	practice_chouon_040	中	medium (size)
CHOUON	ようにする	younisuru	để chứng kiến điều đó...	practice_chouon_041	ようにする	to see to it that ...
CHOUON	いそう	isou	chuyển nhượng	practice_chouon_042	移送	transfer
CHOUON	なさそう	nasasou	dường như không	practice_chouon_043	無さそう	does not seem
CHOUON	にってい	nittei	lịch trình	practice_chouon_044	日程	schedule
CHOUON	いいや	iiya	không	practice_chouon_045	いいや	no
CHOUON	そういん	souin	tu viện	practice_chouon_046	僧院	monastery
CHOUON	ほう	hou	phương hướng	practice_chouon_047	方	direction
CHOUON	よういん	youin	(cần thiết) nhân sự	practice_chouon_048	要員	(necessary) personnel
CHOUON	そうそう	sousou	dự đám tang	practice_chouon_049	葬送	attending a funeral procession
CHOUON	そうば	souba	giá thị trường	practice_chouon_050	相場	market price
CHOUON	ようそう	yousou	khía cạnh	practice_chouon_051	様相	aspect
CHOUON	だろう	darou	có vẻ như	practice_chouon_052	だろう	seems
CHOUON	そうたい	soutai	về sớm	practice_chouon_053	早退	leaving early
CHOUON	そのよう	sonoyou	kiểu đó	practice_chouon_054	その様	that kind of
CHOUON	いいようがない	iiyouganai	không thể diễn tả được	practice_chouon_055	言いようがない	indescribable
CHOUON	へい	hei	bức tường	practice_chouon_056	塀	wall
CHOUON	にっちゅう	nitchuu	ban ngày	practice_chouon_057	日中	daytime
CHOUON	きにいる	kiniiru	thích	practice_chouon_058	気に入る	to like
CHOUON	だろうか	darouka	bạn có nghĩ vậy không?	practice_chouon_059	だろうか	don't you think?
CHOUON	どう	dou	làm thế nào	practice_chouon_060	どう	how
CHOUON	しへい	shihei	tiền giấy	practice_chouon_061	紙幣	paper money
CHOUON	ようになる	youninaru	để đạt tới điểm...	practice_chouon_062	様になる	to reach the point where ...
CHOUON	きてい	kitei	thành lập	practice_chouon_063	既定	established
CHOUON	どうが	douga	video (đặc biệt là kỹ thuật số)	practice_chouon_064	動画	video (esp. digital)
CHOUON	もう	mou	rồi	practice_chouon_065	もう	already
CHOUON	かへい	kahei	tiền bạc	practice_chouon_066	貨幣	money
CHOUON	しどう	shidou	khởi động (máy móc, động cơ...)	practice_chouon_067	始動	starting (a machine, engine, etc.)
CHOUON	どうし	doushi	động từ	practice_chouon_068	動詞	verb
CHOUON	そうわ	souwa	tập phim	practice_chouon_069	挿話	episode
CHOUON	かどう	kadou	cắm hoa	practice_chouon_070	華道	flower arrangement
CHOUON	どうか	douka	sự đồng hóa	practice_chouon_071	同化	assimilation
CHOUON	ありそう	arisou	có thể xảy ra	practice_chouon_072	有りそう	probable
CHOUON	どうしたの	doushitano	có chuyện gì thế?	practice_chouon_073	どうしたの	what's the matter?
CHOUON	せいい	seii	sự chân thành	practice_chouon_074	誠意	sincerity
CHOUON	さんそう	sansou	biệt thự trên núi	practice_chouon_075	山荘	mountain villa
CHOUON	せそう	sesou	điều kiện xã hội	practice_chouon_076	世相	social conditions
CHOUON	そうき	souki	giai đoạn đầu	practice_chouon_077	早期	early stage
CHOUON	へいさ	heisa	đóng cửa	practice_chouon_078	閉鎖	closing
CHOUON	もうだ	mouda	đòn nặng	practice_chouon_079	猛打	heavy blow
CHOUON	ほうがいい	hougaii	đã tốt hơn...	practice_chouon_080	方がいい	had better ...
CHOUON	さどう	sadou	hoạt động	practice_chouon_081	作動	operation
CHOUON	どうさ	dousa	chuyển động (của cơ thể)	practice_chouon_082	動作	movement (of the body)
CHOUON	ようき	youki	thùng chứa	practice_chouon_083	容器	container
CHOUON	さんよう	sanyou	phía nam của một ngọn núi	practice_chouon_084	山陽	south side of a mountain
CHOUON	ようさん	yousan	nghề nuôi tằm	practice_chouon_085	養蚕	sericulture
CHOUON	おもう	omou	suy nghĩ	practice_chouon_086	思う	to think
CHOUON	かどうか	kadouka	liệu (hay không)	practice_chouon_087	かどうか	whether (or not)
CHOUON	そうしき	soushiki	tang lễ	practice_chouon_088	葬式	funeral
CHOUON	だんどう	dandou	quỹ đạo	practice_chouon_089	弾道	trajectory
CHOUON	へいいん	heiin	sức mạnh quân sự	practice_chouon_090	兵員	military strength
CHOUON	いどう	idou	(nhân sự) thay đổi	practice_chouon_091	異動	(personnel) change
CHOUON	どうい	doui	thỏa thuận	practice_chouon_092	同意	agreement
CHOUON	どうとう	doutou	cùng một đảng (chính trị)	practice_chouon_093	同党	same (political) party
CHOUON	どうや	douya	cùng một đêm	practice_chouon_094	同夜	the same night
CHOUON	どういん	douin	huy động	practice_chouon_095	動員	mobilization
CHOUON	そうどう	soudou	bạo loạn	practice_chouon_096	騒動	riot
CHOUON	どうそう	dousou	tốt nghiệp cùng trường	practice_chouon_097	同窓	being a graduate of the same school
CHOUON	でしょうか	deshouka	bạn có nghĩ vậy không?	practice_chouon_098	でしょうか	don't you think?
CHOUON	にほんじゅう	nihonjuu	trên khắp Nhật Bản	practice_chouon_099	日本中	throughout Japan
CHOUON	がくれい	gakurei	tuổi đi học	practice_chouon_100	学齢	school age
SOKUON	からって	karatte	chỉ vì	practice_sokuon_001	からって	just because
SOKUON	だった	datta	đã là	practice_sokuon_002	だった	was
SOKUON	ってことは	ttekotoha	đó là để nói	practice_sokuon_003	ってことは	that is to say
SOKUON	にってい	nittei	lịch trình	practice_sokuon_004	日程	schedule
SOKUON	あっ	atsu	à	practice_sokuon_005	あっ	ah
SOKUON	あっての	atteno	chỉ có thể tồn tại nhờ sự có mặt của	practice_sokuon_006	あっての	which can exist solely due to the presence of
SOKUON	みっか	mikka	Ngày thứ 3 của tháng	practice_sokuon_007	３日	3rd day of the month
SOKUON	やった	yatta	hoan hô	practice_sokuon_008	やった	hooray
SOKUON	となったら	tonattara	ở đâu... có liên quan	practice_sokuon_009	となったら	where ... is concerned
SOKUON	にあっては	niatteha	trong	practice_sokuon_010	にあっては	in
SOKUON	あってない	attenai	thiếu một số thuộc tính mong muốn (kích thước, tính hữu dụng, v.v.)	practice_sokuon_011	有って無い	lacking in some desired property (size, usefulness, etc.)
SOKUON	やっか	yakka	giá thuốc	practice_sokuon_012	薬価	drug price
SOKUON	にっちゅう	nitchuu	ban ngày	practice_sokuon_013	日中	daytime
SOKUON	だったら	dattara	nếu đúng như vậy	practice_sokuon_014	だったら	if it's the case
SOKUON	よっか	yokka	ngày thứ 4 của tháng	practice_sokuon_015	４日	4th day of the month
SOKUON	といっても	toittemo	mặc dù tôi nói	practice_sokuon_016	と言っても	although I say
SOKUON	かといって	katoitte	đã nói điều đó	practice_sokuon_017	かと言って	having said that
SOKUON	そういった	souitta	như thế	practice_sokuon_018	そう言った	like that
SOKUON	やっき	yakki	tuyệt vọng	practice_sokuon_019	躍起	desperate
SOKUON	ちょっと	chotto	một chút	practice_sokuon_020	ちょっと	a little
SOKUON	だったりして	dattarishite	có thể là vậy	practice_sokuon_021	だったりして	might it be that
SOKUON	いっかい	ikkai	một lần	practice_sokuon_022	一回	once
SOKUON	いっぽん	ippon	một vật hình trụ dài	practice_sokuon_023	一本	one long cylindrical thing
SOKUON	やっつ	yattsu	tám	practice_sokuon_024	八つ	eight
SOKUON	しゅったい	shuttai	sự xuất hiện	practice_sokuon_025	出来	occurrence
SOKUON	いってきます	ittekimasu	Tôi đi đây (và sẽ quay lại sau)	practice_sokuon_026	行ってきます	I'm off (and will be back later)
SOKUON	しまった	shimatta	chết tiệt!	practice_sokuon_027	しまった	darn it!
SOKUON	いって	itte	một nước đi (trong cờ vây, shogi, v.v.)	practice_sokuon_028	一手	one move (in go, shogi, etc.)
SOKUON	いっしょ	issho	(làm) cùng nhau	practice_sokuon_029	一緒	(doing) together
SOKUON	いっしょに	isshoni	cùng (với)	practice_sokuon_030	一緒に	together (with)
SOKUON	けっか	kekka	kết quả	practice_sokuon_031	結果	result
SOKUON	にっか	nikka	thói quen hàng ngày	practice_sokuon_032	日課	daily routine
SOKUON	もっと	motto	(một số) thêm	practice_sokuon_033	もっと	(some) more
SOKUON	いっこく	ikkoku	một quốc gia	practice_sokuon_034	一国	one country
SOKUON	によって	niyotte	theo	practice_sokuon_035	によって	according to
SOKUON	にっかん	nikkan	ấn phẩm hàng ngày	practice_sokuon_036	日刊	daily publication
SOKUON	だって	datte	sau tất cả	practice_sokuon_037	だって	after all
SOKUON	れっか	rekka	sự suy giảm (về chất lượng, hiệu suất, v.v.)	practice_sokuon_038	劣化	deterioration (in quality, performance, etc.)
SOKUON	ことによって	kotoniyotte	qua	practice_sokuon_039	事によって	via
SOKUON	じゅうよっか	juuyokka	Ngày 14 của tháng	practice_sokuon_040	１４日	14th day of the month
SOKUON	にっき	nikki	nhật ký	practice_sokuon_041	日記	diary
SOKUON	によってことなる	niyottekotonaru	khác nhau tùy theo...	practice_sokuon_042	によって異なる	to differ depending on ...
SOKUON	がっこう	gakkou	trường học	practice_sokuon_043	学校	school
SOKUON	ぜったい	zettai	tuyệt đối	practice_sokuon_044	絶対	absolutely
SOKUON	ぜったいに	zettaini	tuyệt đối	practice_sokuon_045	絶対に	absolutely
SOKUON	いってん	itten	điểm	practice_sokuon_046	一点	point
SOKUON	じっさい	jissai	thực tế	practice_sokuon_047	実際	reality
SOKUON	じっさいは	jissaiha	thực tế	practice_sokuon_048	実際は	in fact
SOKUON	ごっかん	gokkan	cực lạnh	practice_sokuon_049	極寒	extreme cold
SOKUON	もってくる	mottekuru	mang theo (cái gì)	practice_sokuon_050	持ってくる	to bring (something)
SOKUON	けっこん	kekkon	hôn nhân	practice_sokuon_051	結婚	marriage
SOKUON	あっというま	attoiuma	ngay lập tức	practice_sokuon_052	あっという間	an instant
SOKUON	あっというまに	attoiumani	ngay lập tức	practice_sokuon_053	あっという間に	in an instant
SOKUON	ずっと	zutto	liên tục	practice_sokuon_054	ずっと	continuously
SOKUON	いっきょく	ikkyoku	giai điệu (giai điệu, đoạn nhạc)	practice_sokuon_055	一曲	tune (melody, piece of music)
SOKUON	ぜったいてき	zettaiteki	tuyệt đối	practice_sokuon_056	絶対的	absolute
SOKUON	もっていく	motteiku	mang (cái gì) theo	practice_sokuon_057	持っていく	to take (something) along
SOKUON	はっぴょう	happyou	thông báo	practice_sokuon_058	発表	announcement
SOKUON	いっぱん	ippan	chung	practice_sokuon_059	一般	general
SOKUON	よかったら	yokattara	nếu bạn thích	practice_sokuon_060	良かったら	if you like
SOKUON	せってい	settei	thành lập	practice_sokuon_061	設定	establishment
SOKUON	あっこう	akkou	(lời nói) lạm dụng	practice_sokuon_062	悪口	(verbal) abuse
SOKUON	にじゅうよっか	nijuuyokka	Ngày 24 của tháng	practice_sokuon_063	２４日	24th day of the month
SOKUON	いっぱんてき	ippanteki	chung	practice_sokuon_064	一般的	general
SOKUON	いっけん	ikken	(một) vấn đề	practice_sokuon_065	一件	(one) matter
SOKUON	にとって	nitotte	đến	practice_sokuon_066	に取って	to
SOKUON	やっぱり	yappari	như mong đợi	practice_sokuon_067	やっぱり	as expected
SOKUON	いったりきたり	ittarikitari	đi đi lại lại	practice_sokuon_068	行ったり来たり	going to and fro
SOKUON	こういった	kouitta	kiểu này	practice_sokuon_069	こう言った	this sort of
SOKUON	けってい	kettei	quyết định	practice_sokuon_070	決定	decision
SOKUON	いつになったら	itsuninattara	khi nào	practice_sokuon_071	いつになったら	when
SOKUON	けっこう	kekkou	lộng lẫy	practice_sokuon_072	結構	splendid
SOKUON	やってくる	yattekuru	đi cùng	practice_sokuon_073	やって来る	to come along
SOKUON	がっこうめい	gakkoumei	tên trường	practice_sokuon_074	学校名	school name
SOKUON	いっせん	issen	trận chiến	practice_sokuon_075	一戦	battle
SOKUON	まったく	mattaku	thực sự	practice_sokuon_076	全く	really
SOKUON	いっこ	ikko	một (điều)	practice_sokuon_077	一個	one (thing)
SOKUON	いっちゃく	itchaku	vị trí đầu tiên (trong một cuộc đua)	practice_sokuon_078	一着	first place (in a race)
SOKUON	しってのとおり	shittenotoori	như bạn biết	practice_sokuon_079	知っての通り	as you know
SOKUON	はっけん	hakken	khám phá	practice_sokuon_080	発見	discovery
SOKUON	はっぴょうかい	happyoukai	(trường học) buổi biểu diễn	practice_sokuon_081	発表会	(school) recital
SOKUON	かわった	kawatta	bất thường	practice_sokuon_082	変わった	unusual
SOKUON	はっせい	hassei	sự xuất hiện	practice_sokuon_083	発生	occurrence
SOKUON	いっしゅうかん	isshuukan	một tuần	practice_sokuon_084	一週間	one week
SOKUON	にっこう	nikkou	Ánh sáng mặt trời	practice_sokuon_085	日光	sunlight
SOKUON	せっていかのう	setteikanou	có thể cấu hình	practice_sokuon_086	設定可能	configurable
SOKUON	じってい	jittei	em trai ruột	practice_sokuon_087	実弟	biological younger brother
SOKUON	いっかげつ	ikkagetsu	một tháng	practice_sokuon_088	一ヶ月	one month
SOKUON	けんきゅうけっか	kenkyuukekka	kết quả của một cuộc điều tra khoa học	practice_sokuon_089	研究結果	results of a scientific investigation
SOKUON	もっとも	mottomo	nhất	practice_sokuon_090	最も	most
SOKUON	いろいろあって	iroiroatte	cái này cái kia thì sao	practice_sokuon_091	色々あって	what with this and that
SOKUON	けっこんあいて	kekkon'aite	đối tác kết hôn	practice_sokuon_092	結婚相手	marriage partner
SOKUON	いっぽう	ippou	một (đặc biệt là hai)	practice_sokuon_093	一方	one (esp. of two)
SOKUON	しっぱい	shippai	thất bại	practice_sokuon_094	失敗	failure
SOKUON	しっかり	shikkari	thật chặt (giữ chặt)	practice_sokuon_095	しっかり	tightly (holding on)
SOKUON	やっかい	yakkai	rắc rối	practice_sokuon_096	厄介	trouble
SOKUON	いっぽうてき	ippouteki	một chiều	practice_sokuon_097	一方的	one-sided
SOKUON	きっと	kitto	chắc chắn	practice_sokuon_098	きっと	surely
SOKUON	もって	motte	với	practice_sokuon_099	以て	with
SOKUON	けっきょく	kekkyoku	sau tất cả	practice_sokuon_100	結局	after all
